movie,poster
Heat (1995),https://image.tmdb.org/t/p/w500/4miPIzrKBaSznoTBv1bS0sZwoMG.jpg
Casino (1995),https://image.tmdb.org/t/p/w500/4TS5O1IP42bY2BvgMxL156EENy.jpg
Babe (1995),https://image.tmdb.org/t/p/w500/zKuQMtnbVTz9DsOnOJmlW71v4qH.jpg
"Usual Suspects, The (1995)",https://image.tmdb.org/t/p/w500/99X2SgyFunJFXGAYnDv3sb9pnUD.jpg
Broken Arrow (1996),https://image.tmdb.org/t/p/w500/2ND1sEyW8CjRx3IOgrJLWP76BjM.jpg
Taxi Driver (1976),https://image.tmdb.org/t/p/w500/ekstpH614fwDX8DUln1a2Opz0N8.jpg
Apollo 13 (1995),https://image.tmdb.org/t/p/w500/kzj95o9FlVxKziQq36mjES3wxel.jpg
Batman Forever (1995),https://image.tmdb.org/t/p/w500/mzzNBVwTiiY94xAXDMWJpNPW2US.jpg
Die Hard: With a Vengeance (1995),https://image.tmdb.org/t/p/w500/skdHpVja0uRNKVVN9ksviI86I4z.jpg
Mighty Morphin Power Rangers: The Movie (1995),https://image.tmdb.org/t/p/w500/pcLbHqs80dchv0byHivhdwHKEup.jpg
"Show, The (1995)",https://image.tmdb.org/t/p/w500/u08TkPYyKeHvkrpvLEZxRLVxdwu.jpg
Showgirls (1995),https://image.tmdb.org/t/p/w500/atjtGFIIt9QMGf9ELyboq5cl466.jpg
Waterworld (1995),https://image.tmdb.org/t/p/w500/f4Q6BKm1lv9u5xoffbIIwrOYf6z.jpg
Fluke (1995),https://image.tmdb.org/t/p/w500/k7BHqoTWJPpoSpfCzzUjAduuIbX.jpg
Outbreak (1995),https://image.tmdb.org/t/p/w500/4KymNvlWR0XF0sqX2BWRd9Z3yXR.jpg
"Specialist, The (1994)",https://image.tmdb.org/t/p/w500/9CVAjtkSaFs9FyddGfThj11ZuQq.jpg
"Shawshank Redemption, The (1994)",https://image.tmdb.org/t/p/w500/9cqNxx0GxF0bflZmeSMuL5tnGzr.jpg
Four Weddings and a Funeral (1994),https://image.tmdb.org/t/p/w500/qa72G2VS0bpxms6yo0tI9vsHm2e.jpg
"Mask, The (1994)",https://image.tmdb.org/t/p/w500/xbbXp9px4o8Oe7IbGd0yIbla8mZ.jpg
Speed (1994),https://image.tmdb.org/t/p/w500/82PkCE4R95KhHICUDF7G4Ly2z3l.jpg
Bad Company (1995),https://image.tmdb.org/t/p/w500/l633GuQGaHJFfNhQg2cEBZHoVjI.jpg
"Age of Innocence, The (1993)",https://image.tmdb.org/t/p/w500/5Tuyt26v7qNR8Cl3m7ZRx36rduf.jpg
Carlito's Way (1993),https://image.tmdb.org/t/p/w500/g6D7mjQtndu768cusGmoEQY9fTB.jpg
"Englishman Who Went Up a Hill, But Came Down a Mountain, The (1995)",https://image.tmdb.org/t/p/w500/dnatrgiXFf6BLfb2IKHVmg9tCi7.jpg
Jurassic Park (1993),https://image.tmdb.org/t/p/w500/b1xCNnyrPebIc7EWNZIa6jhb1Ww.jpg
Philadelphia (1993),https://image.tmdb.org/t/p/w500None
Robocop 3 (1993),https://image.tmdb.org/t/p/w500/ppLSSwCuC5ERRWbu9H3R8SPL9AM.jpg
Schindler's List (1993),https://image.tmdb.org/t/p/w500/sF1U4EUQS8YHUYjNl3pMGNIQyr0.jpg
Sleepless in Seattle (1993),https://image.tmdb.org/t/p/w500/iLWsLVrfkFvOXOG9PbUAYg7AK3E.jpg
Blade Runner (1982),https://image.tmdb.org/t/p/w500/63N9uy8nd9j7Eog2axPQ8lbr3Wj.jpg
Aladdin (1992),https://image.tmdb.org/t/p/w500/oakAd8syy7jNQ4ZoaAGCQkTqcOV.jpg
Terminator 2: Judgment Day (1991),https://image.tmdb.org/t/p/w500/5M0j0B18abtBI5gi2RhfjjurTqb.jpg
Beauty and the Beast (1991),https://image.tmdb.org/t/p/w500/hUJ0UvQ5tgE2Z9WpfuduVSdiCiU.jpg
Pinocchio (1940),https://image.tmdb.org/t/p/w500/bnZJrLRnoQHpzEJdka1KYfsAF3N.jpg
Homeward Bound II: Lost in San Francisco (1996),https://image.tmdb.org/t/p/w500/kfYawa9SF9MQ3ae0TXAfhDLFGv7.jpg
Ed (1996),https://image.tmdb.org/t/p/w500/vTnnty8NzHNw22KEyRXCCtVmejx.jpg
Mission: Impossible (1996),https://image.tmdb.org/t/p/w500/l5uxY5m5OInWpcExIpKG6AR3rgL.jpg
Eddie (1996),https://image.tmdb.org/t/p/w500/iuQa6qruiPVDXqn8Frp5I4oxHK0.jpg
Pather Panchali (1955),https://image.tmdb.org/t/p/w500/2pZR9zmUzsblDLE5ndBe57ScqIi.jpg
Mystery Science Theater 3000: The Movie (1996),https://image.tmdb.org/t/p/w500/tlakU3uwNiUgd7aOlb2RoAsGTnY.jpg
Faces (1968),https://image.tmdb.org/t/p/w500/bq1tGle2jYdxsmfdBUw3t99GCcK.jpg
Ghost in the Shell (Kokaku kidotai) (1995),https://image.tmdb.org/t/p/w500/9gC88zYUBARRSThcG93MvW14sqx.jpg
Daylight (1996),https://image.tmdb.org/t/p/w500/7XL0WcNx1AuFLR96vka3cHOgy7a.jpg
High School High (1996),https://image.tmdb.org/t/p/w500None
"Godfather, The (1972)",https://image.tmdb.org/t/p/w500/3bhkrj58Vtu7enYsRolD1fZdja1.jpg
Supercop (1992),https://image.tmdb.org/t/p/w500/1C49MPtKZ8fZXtzwSj4Ha0eEEjl.jpg
Bound (1996),https://image.tmdb.org/t/p/w500/kfYawa9SF9MQ3ae0TXAfhDLFGv7.jpg
Halloween: The Curse of Michael Myers (1995),https://image.tmdb.org/t/p/w500/noCnM8nEI2bEDSdKHh0RKbwBwbC.jpg
Singin' in the Rain (1952),https://image.tmdb.org/t/p/w500/w03EiJVHP8Un77boQeE7hg9DVdU.jpg
It Happened One Night (1934),https://image.tmdb.org/t/p/w500/2PNUGWAflH6UUumas0POMmokHlc.jpg
Charade (1963),https://image.tmdb.org/t/p/w500/ijJ73UgR6nOqjSP8MO0Z7hawCdm.jpg
2001: A Space Odyssey (1968),https://image.tmdb.org/t/p/w500/ve72VxNqjGM69Uky4WTo2bK6rfq.jpg
"Women, The (1939)",https://image.tmdb.org/t/p/w500/9f1A3lQlE3TkyhA8kdKNhGSHlLf.jpg
To Be or Not to Be (1942),https://image.tmdb.org/t/p/w500/k0dKShTvJZdqkwzJ4qqloy2nNFP.jpg
Caught (1996),https://image.tmdb.org/t/p/w500/33sUPXPUqIe9YnZ80d8xzkiL2gb.jpg
Escape to Witch Mountain (1975),https://image.tmdb.org/t/p/w500/cXicoCiCfO6FDfv6ozwcfQCnhVW.jpg
"Fox and the Hound, The (1981)",https://image.tmdb.org/t/p/w500/1382VHxqZDXu2t8i46zf4fP71JG.jpg
Die Hard (1988),https://image.tmdb.org/t/p/w500/yFihWxQcmqcaBR31QM6Y8gT6aYV.jpg
Sleepers (1996),https://image.tmdb.org/t/p/w500/yUpiEk2EojS9ZEXb3nIQonQCYYF.jpg
Monty Python's Life of Brian (1979),https://image.tmdb.org/t/p/w500/lSSA64WF0M0BXnjwr2quMh6shCl.jpg
Bonnie and Clyde (1967),https://image.tmdb.org/t/p/w500/sCSQFK9kMsprT4jgWqgw82dT6WI.jpg
Dirty Dancing (1987),https://image.tmdb.org/t/p/w500/9Jw6jys7q9gjzVX5zm1z0gC8gY9.jpg
Reservoir Dogs (1992),https://image.tmdb.org/t/p/w500/xi8Iu6qyTfyZVDVy60raIOYJJmk.jpg
Basic Instinct (1992),https://image.tmdb.org/t/p/w500/76Ts0yoHk8kVQj9MMnoMixhRWoh.jpg
Sophie's Choice (1982),https://image.tmdb.org/t/p/w500/rZDPbPTFwuKgr5b9jixGFNYkGYt.jpg
Days of Thunder (1990),https://image.tmdb.org/t/p/w500/2xfP227oLToQjBCUg3FI18pWh3G.jpg
Top Gun (1986),https://image.tmdb.org/t/p/w500/xUuHj3CgmZQ9P2cMaqQs4J0d4Zc.jpg
Star Wars: Episode V - The Empire Strikes Back (1980),https://image.tmdb.org/t/p/w500/nNAeTmF4CtdSgMDplXTDPOpYzsX.jpg
Raiders of the Lost Ark (1981),https://image.tmdb.org/t/p/w500/ceG9VzoRAVGwivFU403Wc3AHRys.jpg
Aliens (1986),https://image.tmdb.org/t/p/w500/r1x5JGpyqZU8PYhbs4UcrO1Xb6x.jpg
12 Angry Men (1957),https://image.tmdb.org/t/p/w500/ow3wq89wM8qd5X7hWKxiRfsFf9C.jpg
"Clockwork Orange, A (1971)",https://image.tmdb.org/t/p/w500/4sHeTAp65WrSSuc05nRBKddhBxO.jpg
Apocalypse Now (1979),https://image.tmdb.org/t/p/w500/gQB8Y5RCMkv2zwzFHbUJX3kAhvA.jpg
Alien (1979),https://image.tmdb.org/t/p/w500/vfrQk5IPloGg1v9Rzbh2Eg3VGyM.jpg
Ran (1985),https://image.tmdb.org/t/p/w500/jQnUtWaHYfqnXPOIf77K7Ycqk4M.jpg
"Blues Brothers, The (1980)",https://image.tmdb.org/t/p/w500/rhYJKOt6UrQq7JQgLyQcSWW5R86.jpg
"Godfather: Part II, The (1974)",https://image.tmdb.org/t/p/w500/hek3koDUyRQk7FIhPXsa6mT2Zc3.jpg
Full Metal Jacket (1987),https://image.tmdb.org/t/p/w500/kMKyx1k8hWWscYFnPbnxxN4Eqo4.jpg
Henry V (1989),https://image.tmdb.org/t/p/w500/w9R2HsYNnfF3m9uEo2UAmPNJr8a.jpg
Stalker (1979),https://image.tmdb.org/t/p/w500/lUE0Bp7wH0EterJ44qMRsqtKFnp.jpg
Trust (1990),https://image.tmdb.org/t/p/w500/yGuN0oN6RqeC2SRAZZyqJkw1sc8.jpg
Glory (1989),https://image.tmdb.org/t/p/w500None
Miller's Crossing (1990),https://image.tmdb.org/t/p/w500/ab3pnsTKp3BgcAFy0FgWBFBg9FL.jpg
"Bridge on the River Kwai, The (1957)",https://image.tmdb.org/t/p/w500/7paXMt2e3Tr5dLmEZOGgFEn2Vo7.jpg
Duck Soup (1933),https://image.tmdb.org/t/p/w500/31t63plEGKHhYuuCpC9bFWO9SBS.jpg
Stand by Me (1986),https://image.tmdb.org/t/p/w500/vz0w9BSehcqjDcJOjRaCk7fgJe7.jpg
Groundhog Day (1993),https://image.tmdb.org/t/p/w500/gCgt1WARPZaXnq523ySQEUKinCs.jpg
Akira (1988),https://image.tmdb.org/t/p/w500/neZ0ykEsPqxamsX6o5QNUFILQrz.jpg
"Great Dictator, The (1940)",https://image.tmdb.org/t/p/w500/1QpO9wo7JWecZ4NiBuu625FiY1j.jpg
Pink Floyd - The Wall (1982),https://image.tmdb.org/t/p/w500/9AksjmnrxiAvMCqRc7NOmFmx8id.jpg
Field of Dreams (1989),https://image.tmdb.org/t/p/w500/8PT4sAcneQ7MtZ1Mqoe2EyOJHmZ.jpg
Amityville 1992: It's About Time (1992),https://image.tmdb.org/t/p/w500/4seZ7wJsRHUK3m7I18bnnir594Q.jpg
Amityville: A New Generation (1993),https://image.tmdb.org/t/p/w500/jjWkIHRRj2kOgVMXpK8im4KOcTu.jpg
April Fool's Day (1986),https://image.tmdb.org/t/p/w500/dkF8MGpCjLAqHiiH9BHQDAzCjwL.jpg
Cape Fear (1991),https://image.tmdb.org/t/p/w500/9Fu4lPpGVnUP2lZxN604QNwoFGX.jpg
Shine (1996),https://image.tmdb.org/t/p/w500/c4N38nTprbEcM3PtYbmto3na3kh.jpg
Die Hard 2 (1990),https://image.tmdb.org/t/p/w500/drJgR9L9jY44DQZvvfrZ2YoGJmW.jpg
Jaws 3-D (1983),https://image.tmdb.org/t/p/w500/kqDXj53F9paqVGJLGfHtz7giJ3s.jpg
Jerry Maguire (1996),https://image.tmdb.org/t/p/w500/lABvGN7fDk5ifnwZoxij6G96t2w.jpg
Michael (1996),https://image.tmdb.org/t/p/w500/y5PAsYPRpfkyx7ISfTwJRgFRaiF.jpg
Inside (1996),https://image.tmdb.org/t/p/w500/4ooKrQKfR6JXBKaIIYPA8M6RUai.jpg
"Saint, The (1997)",https://image.tmdb.org/t/p/w500/z5FV39UVdXiwMC2cn01ZYqgqPZw.jpg
"Van, The (1996)",https://image.tmdb.org/t/p/w500/eiQ4uPdk9FS0JubZrCjybErkfES.jpg
Crash (1996),https://image.tmdb.org/t/p/w500/gpai5oUFyFGLHOCsYTvVMqlbY7A.jpg
Volcano (1997),https://image.tmdb.org/t/p/w500/6JA1o2Xz3QJRfdZqhAwlGqAVQyR.jpg
"Lost World: Jurassic Park, The (1997)",https://image.tmdb.org/t/p/w500/jElpCJkSaRPYwIMwZY28gOKV7BK.jpg
Speed 2: Cruise Control (1997),https://image.tmdb.org/t/p/w500/gnK1ocpwUTj24zAktzomOJsD2bu.jpg
Batman & Robin (1997),https://image.tmdb.org/t/p/w500/cGRDufDDSrFrv7VI4YnmWnslne0.jpg
Fall (1997),https://image.tmdb.org/t/p/w500/jPcySmnHCi05MY0eGNbaCdOjPjG.jpg
Contact (1997),https://image.tmdb.org/t/p/w500/bCpMIywuNZeWt3i5UMLEIc0VSwM.jpg
Cop Land (1997),https://image.tmdb.org/t/p/w500/qzR7m6kUhsbdid3xRK2jTXjyNmG.jpg
"Edge, The (1997)",https://image.tmdb.org/t/p/w500/mwzaD2KmWzGUyVJtcUUilH9EbtL.jpg
Gattaca (1997),https://image.tmdb.org/t/p/w500/eSKr5Fl1MEC7zpAXaLWBWSBjgJq.jpg
"Rainmaker, The (1997)",https://image.tmdb.org/t/p/w500/twLGHXPjQtS8UyVGp5GXmhJiTM7.jpg
Boogie Nights (1997),https://image.tmdb.org/t/p/w500/wnE24UPCPQsQnbBOu4zVE2qaDNm.jpg
Witness (1985),https://image.tmdb.org/t/p/w500/kOymD1rChAMykmDVEzJpIh4OYS7.jpg
Good Will Hunting (1997),https://image.tmdb.org/t/p/w500/bABCBKYBK7A5G1x0FzoeoNfuj2.jpg
Tomorrow Never Dies (1997),https://image.tmdb.org/t/p/w500/gZm002w7q9yLOkltxT76TWGfdZX.jpg
"Education of Little Tree, The (1997)",https://image.tmdb.org/t/p/w500/cBJCiV56y5i5kEWZw1vXf2QYuFM.jpg
Jackie Brown (1997),https://image.tmdb.org/t/p/w500/ewbLUXvm4riZL0aepy90o0vMesn.jpg
"Big Lebowski, The (1998)",https://image.tmdb.org/t/p/w500/9mprbw31MGdd66LR0AQKoDMoFRv.jpg
Great Expectations (1998),https://image.tmdb.org/t/p/w500/djLsfl3lm7BZKWsKfVZ2wM1ZMrP.jpg
Ride (1998),https://image.tmdb.org/t/p/w500/cuntPiM8JhLqXlWKU4C9gF3o07P.jpg
Mercury Rising (1998),https://image.tmdb.org/t/p/w500/60AAso6I2TzQCy2SjqtzPni8csA.jpg
Deep Impact (1998),https://image.tmdb.org/t/p/w500/a3vQS7JKqlOb3MdVJHuTCP9s7Mg.jpg
Godzilla (1998),https://image.tmdb.org/t/p/w500/xJVl1I95StraYAwaNbBkVoWE2qA.jpg
Mulan (1998),https://image.tmdb.org/t/p/w500/5TYgKxYhnhRNNwqnRAKHkgfqi2G.jpg
Out of Sight (1998),https://image.tmdb.org/t/p/w500/v49q7AMR3pB4M762woWB1NYMCLF.jpg
Armageddon (1998),https://image.tmdb.org/t/p/w500/eTM3qtGhDU8cvjpoa6KEt5E2auU.jpg
West Side Story (1961),https://image.tmdb.org/t/p/w500/nzCMu6D5q60i2bVrIQ0DxlRSgCZ.jpg
"French Connection, The (1971)",https://image.tmdb.org/t/p/w500/5A1kg62MmQS5Dm3oo6t1OLu2lCy.jpg
Rocky (1976),https://image.tmdb.org/t/p/w500/cqxg1CihGR5ge0i1wYXr4Rdeppu.jpg
Out of Africa (1985),https://image.tmdb.org/t/p/w500/3eLAm1kuVD5QZCOydbiu7j6GAbw.jpg
"Breakfast Club, The (1985)",https://image.tmdb.org/t/p/w500/vSqk5BeQ1HvP9wq0rWZyWqiwXeF.jpg
"Nightmare on Elm Street 4: The Dream Master, A (1988)",https://image.tmdb.org/t/p/w500/boStYG7jKdoIZTduiOOsUVknD13.jpg
Halloween (1978),https://image.tmdb.org/t/p/w500None
Poltergeist (1982),https://image.tmdb.org/t/p/w500/xPazCcKp62IshnLVf9BLAjf9vgC.jpg
"Exorcist, The (1973)",https://image.tmdb.org/t/p/w500/5x0CeVHJI8tcDx8tUUwYHQSNILq.jpg
"Exorcist III, The (1990)",https://image.tmdb.org/t/p/w500/bl6nSPcyqz6xD2Igd2VQvz8qWo0.jpg
Gremlins 2: The New Batch (1990),https://image.tmdb.org/t/p/w500/jN7yvxnIHRozhq2mzWZDE5GPRc0.jpg
"Goonies, The (1985)",https://image.tmdb.org/t/p/w500/eBU7gCjTCj9n2LTxvCSIXXOvHkD.jpg
Back to the Future Part II (1989),https://image.tmdb.org/t/p/w500/hQq8xZe5uLjFzSBt4LanNP7SQjl.jpg
Back to the Future Part III (1990),https://image.tmdb.org/t/p/w500/crzoVQnMzIrRfHtQw0tLBirNfVg.jpg
Dune (1984),https://image.tmdb.org/t/p/w500/bArqnFqlzJPMJqNvcRuLkLTjd2e.jpg
"Godfather: Part III, The (1990)",https://image.tmdb.org/t/p/w500/lm3pQ2QoQ16pextRsmnUbG2onES.jpg
Saving Private Ryan (1998),https://image.tmdb.org/t/p/w500/uqx37cS8cpHg8U35f9U5IBlrCV3.jpg
"Mighty Ducks, The (1992)",https://image.tmdb.org/t/p/w500/zxaCHxKDFNi6frh1Q0dj19L216o.jpg
Tron (1982),https://image.tmdb.org/t/p/w500/zwSFEczP7AzqugAHHIX3zHniT0t.jpg
Halloween: H20 (1998),https://image.tmdb.org/t/p/w500/lqLXUm3oK59sGJKRH2Zjj2m3iMg.jpg
L.A. Story (1991),https://image.tmdb.org/t/p/w500/At97val6UZyQoQtmH1b2Pe7bWqG.jpg
Indiana Jones and the Temple of Doom (1984),https://image.tmdb.org/t/p/w500/om61eim8XwLfh6QXzh2r0Q4blBz.jpg
Nineteen Eighty-Four (1984),https://image.tmdb.org/t/p/w500None
House (1986),https://image.tmdb.org/t/p/w500/kVRqH1Sh1FDukK8yAxlyz0XCvIv.jpg
"Gods Must Be Crazy II, The (1989)",https://image.tmdb.org/t/p/w500/ldb5M9LOawvaqvY7NSfsB66QLki.jpg
"Avengers, The (1998)",https://image.tmdb.org/t/p/w500/1p5thyQ4pCy876HpdvFARqJ62N9.jpg
"NeverEnding Story, The (1984)",https://image.tmdb.org/t/p/w500/lWJC8om086h01f0CMGR9ombdpnI.jpg
Phoenix (1998),https://image.tmdb.org/t/p/w500None
Cube (1997),https://image.tmdb.org/t/p/w500/x4BTjxdrOKC27FcSkBh8KPEgnum.jpg
Class (1983),https://image.tmdb.org/t/p/w500/exlQEMxbolmsCE4D5Ky6u4onnvC.jpg
Hero (1992),https://image.tmdb.org/t/p/w500/6DzibjLXdXFH72rI76slkveIG0w.jpg
If.... (1968),https://image.tmdb.org/t/p/w500/q6KiqxSfVk7taaw477ygP44KT6k.jpg
"Thing, The (1982)",https://image.tmdb.org/t/p/w500/tzGY49kseSE9QAKk47uuDGwnSCu.jpg
"Player, The (1992)",https://image.tmdb.org/t/p/w500/p4ys4a4yASjKuWzsNWY1B7xP5kZ.jpg
History of the World: Part I (1981),https://image.tmdb.org/t/p/w500/6iAl78qZHT65erPXr2YW6Y54wlY.jpg
2010 (1984),https://image.tmdb.org/t/p/w500/9joU5bUI47R72Jx33q8IwUMCcHQ.jpg
Soldier (1998),https://image.tmdb.org/t/p/w500/awlSDbrGNuyk9PBrWm8owf2BLYe.jpg
I Still Know What You Did Last Summer (1998),https://image.tmdb.org/t/p/w500/motBJIO921LFZkoGKCSbmSCVHBc.jpg
Meet Joe Black (1998),https://image.tmdb.org/t/p/w500/fDPAjvfPMomkKF7cMRmL5Anak61.jpg
Godzilla (Gojira) (1984),https://image.tmdb.org/t/p/w500/dP1ISBkknJ7eh01Co2Q58dxv6vu.jpg
King Kong (1933),https://image.tmdb.org/t/p/w500/lHlnxKL5GbgRibyRFI7n1Ey850i.jpg
King Kong (1976),https://image.tmdb.org/t/p/w500/paYKhEwUaxKA05vmOfU7FlleTln.jpg
"Money Pit, The (1986)",https://image.tmdb.org/t/p/w500/bohhidIi1WWU5NNYF9l5wLQu3Ii.jpg
"View to a Kill, A (1985)",https://image.tmdb.org/t/p/w500/arJF829RP9cYvh0NU70dC5TtXSa.jpg
"Prince of Egypt, The (1998)",https://image.tmdb.org/t/p/w500/2xUjYwL6Ol7TLJPPKs7sYW5PWLX.jpg
Rambo: First Blood Part II (1985),https://image.tmdb.org/t/p/w500/pzPdwOitmTleVE3YPMfIQgLh84p.jpg
First Blood (1982),https://image.tmdb.org/t/p/w500/a9sa6ERZCpplbPEO7OMWE763CLD.jpg
Rambo III (1988),https://image.tmdb.org/t/p/w500/1eSQvGuD25ezKaiaQsyDDG3e9iN.jpg
Rocky II (1979),https://image.tmdb.org/t/p/w500/nMaiiu0CzT77U4JZkUYV7KqdAjK.jpg
Rocky III (1982),https://image.tmdb.org/t/p/w500/u9cTEjzKOPB6xaTz4LBql1XE0HZ.jpg
Rocky IV (1985),https://image.tmdb.org/t/p/w500/2MHUit4H6OK5adcOjnCN6suCKOl.jpg
Rocky V (1990),https://image.tmdb.org/t/p/w500/o1nY37L6HC9hwlLSH5sHVzvXt1P.jpg
Clue (1985),https://image.tmdb.org/t/p/w500/aRxbYOYHS8T73nzR8hsLousoplR.jpg
Virus (1999),https://image.tmdb.org/t/p/w500/5Np88iigCfnXvMlMKmCcbPVIbYQ.jpg
"Color of Money, The (1986)",https://image.tmdb.org/t/p/w500/dVdnHmdQu3JtLAAksjTmTEF76gD.jpg
Gloria (1999),https://image.tmdb.org/t/p/w500/1AKAfnT3nm7asU9qyNT6gtS1vbe.jpg
Airport '77 (1977),https://image.tmdb.org/t/p/w500/m9b3frZR0Wu8I3ayN3QPrxfZMvC.jpg
Planet of the Apes (1968),https://image.tmdb.org/t/p/w500/2r9iKnlSYEk4daQadsXfcjHfIjQ.jpg
"Concorde: Airport '79, The (1979)",https://image.tmdb.org/t/p/w500/bsKUgMi01dme7IDdEWRJSMBNj6R.jpg
"Lock, Stock & Two Smoking Barrels (1998)",https://image.tmdb.org/t/p/w500/wt2TRBmFmBn5M5MBcPTwovlREaB.jpg
"Matrix, The (1999)",https://image.tmdb.org/t/p/w500/f89U3ADr1oiB1s9GkdPOEpXUk5H.jpg
Life (1999),https://image.tmdb.org/t/p/w500/kt4wlfsMvXj2Ea5c7MmKx5FWhPs.jpg
Nô (1998),https://image.tmdb.org/t/p/w500/Wsxaw2U1m6kNyFBtbrhY2zZEyx.jpg
Heaven (1998),https://image.tmdb.org/t/p/w500/jcj5WDSevTmLpWhyuzVZve3f6Ql.jpg
"Wolf Man, The (1941)",https://image.tmdb.org/t/p/w500/vG8fu5syTtQLzK1hQXyi3ugOPNF.jpg
Notting Hill (1999),https://image.tmdb.org/t/p/w500/hHRIf2XHeQMbyRb3HUx19SF5Ujw.jpg
American Pie (1999),https://image.tmdb.org/t/p/w500/n0nglZOU2uLMAwf1glc6dEWvojC.jpg
Eyes Wide Shut (1999),https://image.tmdb.org/t/p/w500/knEIz1eNGl5MQDbrEAVWA7iRqF9.jpg
Ghostbusters (1984),https://image.tmdb.org/t/p/w500/7E8nLijS9AwwUEPu2oFYOVKhdFA.jpg
Ghostbusters II (1989),https://image.tmdb.org/t/p/w500/yObYPMA58DnTMvJooFW7GG6jWAt.jpg
Dick (1999),https://image.tmdb.org/t/p/w500/boMilh8VjRyUM7YVxyJkuN9zLqL.jpg
"Sixth Sense, The (1999)",https://image.tmdb.org/t/p/w500/4AfSDjjCy6T5LA1TMz0Lh2HlpRh.jpg
Big (1988),https://image.tmdb.org/t/p/w500None
Tommy (1975),https://image.tmdb.org/t/p/w500/oSYGPIhLcwL0RrU0DVY7TM6O4QA.jpg
"Dark Half, The (1993)",https://image.tmdb.org/t/p/w500/uWfQAfMchkMufETy8nqpNjNmoqe.jpg
Gulliver's Travels (1939),https://image.tmdb.org/t/p/w500/oxJuUeTOaAunEJJ64F2ua0Q3XSz.jpg
Superstar (1999),https://image.tmdb.org/t/p/w500/vfBUCPe6wgt3SwNP7dKlqh8xeyO.jpg
Ferris Bueller's Day Off (1986),https://image.tmdb.org/t/p/w500/9LTQNCvoLsKXP0LtaKAaYVtRaQL.jpg
Flashdance (1983),https://image.tmdb.org/t/p/w500/mdtsA4tIk54857BuIBxnfECbNSZ.jpg
From Russia with Love (1963),https://image.tmdb.org/t/p/w500/zx4V17FP8oclNvOpTgs2iCCtiYk.jpg
Fight Club (1999),https://image.tmdb.org/t/p/w500/pB8BM7pdSp6B6Ih7QZ4DrQ3PmJK.jpg
Robocop (1987),https://image.tmdb.org/t/p/w500/hHtOgGb3NihlyRATHlKPaFApbrd.jpg
Robocop 2 (1990),https://image.tmdb.org/t/p/w500/99l6Jt3ygKKmv7K8D6jdLz33tcB.jpg
For Your Eyes Only (1981),https://image.tmdb.org/t/p/w500/iU1cKkQOPLCbGJRnuKnpSaRJPJt.jpg
Licence to Kill (1989),https://image.tmdb.org/t/p/w500/8nzJve63EXA79HGAyidZwivZrQ2.jpg
Live and Let Die (1973),https://image.tmdb.org/t/p/w500/39qkrjqMZs6utwNmihVImC3ghas.jpg
Yojimbo (1961),https://image.tmdb.org/t/p/w500/cLeIpZsOP4AaFDFTP4bi6rqPyQJ.jpg
Spaceballs (1987),https://image.tmdb.org/t/p/w500/o624HTt93iIJIc1Sg5hNkDTnk5l.jpg
"Longest Day, The (1962)",https://image.tmdb.org/t/p/w500/5zmvEofdIlgXrQl9A7e5IOzlnFU.jpg
Tora! Tora! Tora! (1970),https://image.tmdb.org/t/p/w500/c311sN931DixuZRer0JGYCwpx9N.jpg
"World Is Not Enough, The (1999)",https://image.tmdb.org/t/p/w500/wCb2msgoZPK01WIqry24M4xsM73.jpg
"River Runs Through It, A (1992)",https://image.tmdb.org/t/p/w500/aVP45oS2cBL4WtZ1kB7r8uarruB.jpg
Midnight Run (1988),https://image.tmdb.org/t/p/w500/jN12RYBxWSoK6bfuD5GMjNBTdQG.jpg
Backdraft (1991),https://image.tmdb.org/t/p/w500/bymJtYNIdiAiBR1LRetaJXbfryc.jpg
Country (1984),https://image.tmdb.org/t/p/w500/9ejkzVXZiNIKaZVwAF4QbAMQSmY.jpg
Magnolia (1999),https://image.tmdb.org/t/p/w500/uq2u8HgtLFJkjNq2kHb2jvipIPT.jpg
American Flyers (1985),https://image.tmdb.org/t/p/w500/sa8otETzs4ZJ77s7LypCmD0zzQe.jpg
Alive (1993),https://image.tmdb.org/t/p/w500None
Scent of a Woman (1992),https://image.tmdb.org/t/p/w500/f75Fsfx8nA8JfSdJ61jhC8JwHps.jpg
Singles (1992),https://image.tmdb.org/t/p/w500/aRWJDV4ZkJWhr1ol1vffu8KZqGz.jpg
Scream 3 (2000),https://image.tmdb.org/t/p/w500/qpH8ToZVlFD1bakL04LkEKodyDI.jpg
"Beach, The (2000)",https://image.tmdb.org/t/p/w500/ogC3YL1SZ0pexHcDFUUVLAo336x.jpg
Blue Collar (1978),https://image.tmdb.org/t/p/w500/7WBBcgzESyX1qEq9x7tg22dlORL.jpg
Dog Day Afternoon (1975),https://image.tmdb.org/t/p/w500/mavrhr0ig2aCRR8d48yaxtD5aMQ.jpg
JFK (1991),https://image.tmdb.org/t/p/w500/r0VWVTYlqdRCK5ZoOdNnHdqM2gt.jpg
Do the Right Thing (1989),https://image.tmdb.org/t/p/w500/63rmSDPahrH7C1gEFYzRuIBAN9W.jpg
Teenage Mutant Ninja Turtles (1990),https://image.tmdb.org/t/p/w500/xfvUY6q3bGgQQOr1mb0EDa3g5kO.jpg
Red Dawn (1984),https://image.tmdb.org/t/p/w500/a2GkHcioc2QEFJbQk1NTB85u3vD.jpg
Modern Times (1936),https://image.tmdb.org/t/p/w500/uEMekS25hwXrCJOZZ3NKMGcAFJo.jpg
True Grit (1969),https://image.tmdb.org/t/p/w500/lmexRC57l39elaIcnxhaHpcaIW2.jpg
No Way Out (1987),https://image.tmdb.org/t/p/w500/93CzsBvRhg035yvQosRtSsTL19v.jpg
Rules of Engagement (2000),https://image.tmdb.org/t/p/w500/38iMM0sHOqNz315ApF9bEjT4rFA.jpg
Predator (1987),https://image.tmdb.org/t/p/w500/k3mW4qfJo6SKqe6laRyNGnbB9n5.jpg
Caddyshack (1980),https://image.tmdb.org/t/p/w500/lXnNz7zOXCsftMDVoU3VSo0Eioi.jpg
Limelight (1952),https://image.tmdb.org/t/p/w500/tDD11x3ZWCXXXwdpbGEU9uU4kh1.jpg
Breathless (1983),https://image.tmdb.org/t/p/w500/xkm2moWXgthzbemePrNDk2c7vSk.jpg
Hamlet (2000),https://image.tmdb.org/t/p/w500/yL1rYMHlqZtZVESxEWLsaneXq86.jpg
Dinosaur (2000),https://image.tmdb.org/t/p/w500/rSje3FS7ycJSglowlngjsvDt7vO.jpg
Mission: Impossible 2 (2000),https://image.tmdb.org/t/p/w500/1VMWLpk9VXyYcEZ8w3uUhp0OF1v.jpg
8 1/2 Women (1999),https://image.tmdb.org/t/p/w500/t7G0SA8cqrsu7XzzTL0ge54aw7L.jpg
On Her Majesty's Secret Service (1969),https://image.tmdb.org/t/p/w500/yVzJLLhBwuWJBR9BYEMurShu2WT.jpg
"Spy Who Loved Me, The (1977)",https://image.tmdb.org/t/p/w500/3ZxHKFxMYvAko680DsRgAZKWcLi.jpg
Moonraker (1979),https://image.tmdb.org/t/p/w500/6LrJdXNmu5uHOVALZxVYd44Lva0.jpg
"Man with the Golden Gun, The (1974)",https://image.tmdb.org/t/p/w500/zULDLrGE42iTiizMJKDoTGbIKlu.jpg
Romeo and Juliet (1968),https://image.tmdb.org/t/p/w500/vaBQKLbSWkXGTOlsz9ARdJP4lvg.jpg
Flatliners (1990),https://image.tmdb.org/t/p/w500/wda3j7p7YHXKpFIlSzoTCtP7myF.jpg
Private School (1983),https://image.tmdb.org/t/p/w500/lU4iK1qFpJPyWMNxaO1XOldHIRI.jpg
"Running Man, The (1987)",https://image.tmdb.org/t/p/w500/GTAUOhO4BN0peJVvxGEQydJvUO.jpg
Mad Max Beyond Thunderdome (1985),https://image.tmdb.org/t/p/w500/jJlxcEVVUHnrUeEkQ0077VeHQpb.jpg
Sunshine (1999),https://image.tmdb.org/t/p/w500/fV00HqrfxCNl0bW8QD3d9SYrEYp.jpg
Shaft (1971),https://image.tmdb.org/t/p/w500/yJChPuu2V339IiDPQDHeIh1SYpA.jpg
Prince of the City (1981),https://image.tmdb.org/t/p/w500/2LtOyvE6P4tbmunPjOMI92CcEDl.jpg
Shaft (2000),https://image.tmdb.org/t/p/w500/5ncvnNPaN73cOqD4muE413sSOyY.jpg
Missing in Action (1984),https://image.tmdb.org/t/p/w500/nBrDcnNQca88ed1gRwZ1Q5cjNxE.jpg
Braddock: Missing in Action III (1988),https://image.tmdb.org/t/p/w500/y8Gp0TAQr8Z2Cy4ROSYzvOiMEMf.jpg
Melody Time (1948),https://image.tmdb.org/t/p/w500None
Scary Movie (2000),https://image.tmdb.org/t/p/w500/91p8xU2nykmw8psADIJOlBLdlXK.jpg
Blowup (1966),https://image.tmdb.org/t/p/w500/iVtUdWsT6Ed2DK762zZxjaQAdHy.jpg
Footloose (1984),https://image.tmdb.org/t/p/w500/9JEDjBCXCx3eKTSkXwispf0UN3O.jpg
Pokémon the Movie 2000 (2000),https://image.tmdb.org/t/p/w500/rBeh11AHRIyQw738pXLoJ2tLxyN.jpg
"Cell, The (2000)",https://image.tmdb.org/t/p/w500/fdQHMNDjBzA7PDw1aNFww2eriLz.jpg
Love & Sex (2000),https://image.tmdb.org/t/p/w500/673v1jEL28KklPk7scGgo5T2blM.jpg
Bait (2000),https://image.tmdb.org/t/p/w500/jon5ux36iUn6GnntxkZaNtB6AZT.jpg
Remember the Titans (2000),https://image.tmdb.org/t/p/w500/825ohvC4wZ3gCuncCaqkWeQnK8h.jpg
Stranger Than Paradise (1984),https://image.tmdb.org/t/p/w500/wkcR8ml9ZzYK3VxoMz7B3GEoIFv.jpg
"Invisible Man, The (1933)",https://image.tmdb.org/t/p/w500/a8WoUk92OLHnU5sODmdGaOi5iaH.jpg
